address,endpoint_class,attribution_status,entity_name,assertion_type,address_role,review_state,observed_amount_base_units,observed_amount_display,case_amount_basis,boundary_reason,hop_depth
TZEVabsF8YLUU2qwwe7n2dwHPySrf44wtW,unresolved,unresolved,,,,,10011470000,10011.470000,allocation_unknown,,2
TUoWvykvJj56M39b3wMpQmk4x5YR8ERsMR,unresolved,unresolved,,,,,146650000,146.650000,allocation_unknown,no_outgoing_activity,2
TJgpzB6asxcKYCw5Wo74NHzk7HdEeFdwV6,unresolved,unresolved,,,,,72580000,72.580000,allocation_unknown,no_outgoing_activity,2
TPhYDiErHkhq7qsizhrm2DuFLopMAq1v1z,unresolved,unresolved,,,,,58950000,58.950000,allocation_unknown,no_outgoing_activity,2
TVTzXxAipks86kf3xCUFWteE6pehM6kFQr,unresolved,unresolved,,,,,28430000,28.430000,allocation_unknown,no_outgoing_activity,2
TCVg1dKZW7QYBdTpu3cmGKpm5SRjqq5Tu1,unresolved,unresolved,,,,,131840000,131.840000,allocation_unknown,no_outgoing_activity,2
TSEB7wy7Dgxq3CCdFg5sJtfU87JVjUQhgv,unresolved,unresolved,,,,,977170000,977.170000,allocation_unknown,no_outgoing_activity,2
TAMwgh17RomozAdUuACekCDwQiAPohbgUC,unresolved,unresolved,,,,,44604550000,44604.550000,allocation_unknown,no_outgoing_activity,2
TMw58aNfPqAou6cZp8Zrcc5C9fXPedATXN,unresolved,unresolved,,,,,119390000,119.390000,allocation_unknown,no_outgoing_activity,2
TVqW2NN8sDPwjywWZPdSTEGV5gMwMseXrs,unresolved,unresolved,,,,,2305280000,2305.280000,allocation_unknown,no_outgoing_activity,2
TMy4ULMRj2TSrCDRT1mXRLM8dHo9XDbC8y,unresolved,unresolved,,,,,1479990000,1479.990000,allocation_unknown,no_outgoing_activity,2
THRqbNfHY2fA6LUrG8XBGuazJCpafJmCPb,unresolved,unresolved,,,,,296300000,296.300000,allocation_unknown,no_outgoing_activity,2
TCCGAFuytzmMRQjkkXREFXAUoc6JRFEALG,unresolved,unresolved,,,,,75000000,75.000000,allocation_unknown,no_outgoing_activity,2
TPNiXiBoQb5D9uUTTv3hjGCDED4iq7637T,unresolved,unresolved,,,,,4717080000,4717.080000,allocation_unknown,no_outgoing_activity,2
TKF24WBizcr8T5sFa2LLfbJP83QbWKukyH,unresolved,unresolved,,,,,296880000,296.880000,allocation_unknown,no_outgoing_activity,2
TCwmAU6CzQt8AhdBmqo7pJ9UXMNTo9FcHR,unresolved,unresolved,,,,,428140000,428.140000,allocation_unknown,no_outgoing_activity,2
TJGudzMWJuWXMTdhXmxud8HhcWeifMxGuR,unresolved,unresolved,,,,,673620000,673.620000,allocation_unknown,no_outgoing_activity,2
TCr8YpQvEQYz1T6L9P461EKywu84L7U7Z1,unresolved,unresolved,,,,,266560000,266.560000,allocation_unknown,no_outgoing_activity,2
TZEVabsF8YLUU2qwwe7n2dwHPySrf44wtW,unresolved,unresolved,,,,,41591640000,41591.640000,allocation_unknown,no_outgoing_activity,2
TAtfYPEf23QD4KRiB3TfKxpeBvtN8aUBNB,unresolved,unresolved,,,,,146650000,146.650000,allocation_unknown,no_outgoing_activity,2
TXxpd61FpLHZKSxWtYrKu8uQ74pXZrdGhW,unresolved,unresolved,,,,,146650000,146.650000,allocation_unknown,no_outgoing_activity,2
TTCsowmnjdchnCfHDdDA8hY8Czmwgj7WeW,unresolved,unresolved,,,,,830970000,830.970000,allocation_unknown,no_outgoing_activity,2
TYfxtkCooUX7rzjRqBGLan9XkCxqkrCRir,known_service,supported,OKX,service_control,unknown,accepted,72140000,72.140000,allocation_unknown,service_boundary,2
TPjhqw7Rnk32bTynhMFnJ2Phg7tQL2cjrB,unresolved,unresolved,,,,,233520150000,233520.150000,allocation_unknown,no_outgoing_activity,3
