hop_depth,block_time,from_address,to_address,amount_base_units,amount_display,asset_symbol,event_reference,execution_status,confirmation_state,ordering_ambiguous
0,2026-08-10T15:41:27+00:00,TMqgVELUb5BxvA8LgMJnsQQWMg33Psvfqz,TNRyJuZoY9p7x9aMGQ3PyvcSzo31XfTQZB,1355910000,1355.910000,USDT,tron:541fe0b42ce36b1258af4abb597caef6e0dedee1cf93cebf595abc032f807744:0,success,confirmed,False
1,2026-08-10T15:45:09+00:00,TNRyJuZoY9p7x9aMGQ3PyvcSzo31XfTQZB,TNtTcstZdy5vppwDMQuR9gy6n5rT4o7ptq,750000000000,750000.000000,USDT,tron:3dc3ef5f088498d1e3d5a63698fee730850b090368cf6ea463bf24610463a78a:0,success,confirmed,False
2,2026-08-10T15:45:54+00:00,TNtTcstZdy5vppwDMQuR9gy6n5rT4o7ptq,TZEVabsF8YLUU2qwwe7n2dwHPySrf44wtW,1105810000,1105.810000,USDT,tron:52606fa4a3b96d0824f93626ba5e6185936d18733d324b3522d41dd77d39b1ef:0,success,confirmed,False
2,2026-08-10T15:45:54+00:00,TNtTcstZdy5vppwDMQuR9gy6n5rT4o7ptq,TZEVabsF8YLUU2qwwe7n2dwHPySrf44wtW,10011470000,10011.470000,USDT,tron:45e02e97bda24aff75c71eb80184ffc1b9e2a582147afbdf7cc8362c8f36681e:0,success,confirmed,False
2,2026-08-10T15:46:27+00:00,TNtTcstZdy5vppwDMQuR9gy6n5rT4o7ptq,TUoWvykvJj56M39b3wMpQmk4x5YR8ERsMR,146650000,146.650000,USDT,tron:1f5061cf88da578596b0096e1e138e6a7e99b872fb9c5ce091ecddc0dcdf90e2:0,success,confirmed,False
2,2026-08-10T15:47:12+00:00,TNtTcstZdy5vppwDMQuR9gy6n5rT4o7ptq,TJgpzB6asxcKYCw5Wo74NHzk7HdEeFdwV6,72580000,72.580000,USDT,tron:a6beb2481d7013ddd5383f93e4e71a94660a6423d3b280597b4ccd866fc58a13:0,success,confirmed,False
2,2026-08-10T15:48:27+00:00,TNtTcstZdy5vppwDMQuR9gy6n5rT4o7ptq,TPhYDiErHkhq7qsizhrm2DuFLopMAq1v1z,58950000,58.950000,USDT,tron:56be1103f485801e9bee5627264acd9e9426c2a902898f7e048b82789168c52f:0,success,confirmed,False
2,2026-08-10T15:49:12+00:00,TNtTcstZdy5vppwDMQuR9gy6n5rT4o7ptq,TVTzXxAipks86kf3xCUFWteE6pehM6kFQr,28430000,28.430000,USDT,tron:45b41cb845abb7e8711721c00c254fda2f8e3de8d535766986bca486de8c8a50:0,success,confirmed,False
2,2026-08-10T15:49:33+00:00,TNtTcstZdy5vppwDMQuR9gy6n5rT4o7ptq,TCVg1dKZW7QYBdTpu3cmGKpm5SRjqq5Tu1,131840000,131.840000,USDT,tron:44667cd63045755c776b37f6701160caaeee3c03f70410b443048dc38b4c1c91:0,success,confirmed,False
2,2026-08-10T15:50:51+00:00,TNtTcstZdy5vppwDMQuR9gy6n5rT4o7ptq,TSEB7wy7Dgxq3CCdFg5sJtfU87JVjUQhgv,977170000,977.170000,USDT,tron:29adbd30d96cdd937bff489a20697601b8d4c186c0d2c080209389b5a197bc73:0,success,confirmed,False
2,2026-08-10T15:50:51+00:00,TNtTcstZdy5vppwDMQuR9gy6n5rT4o7ptq,TAMwgh17RomozAdUuACekCDwQiAPohbgUC,44604550000,44604.550000,USDT,tron:5822555a147862c5d3836ade744d50f34785fa43057b14f7ed71069b7c253044:0,success,confirmed,False
2,2026-08-10T15:51:15+00:00,TNtTcstZdy5vppwDMQuR9gy6n5rT4o7ptq,TMw58aNfPqAou6cZp8Zrcc5C9fXPedATXN,119390000,119.390000,USDT,tron:62aafb0a871152c5d0c41bb2032430efdbbdca2c4e897019240577e36a132ad6:0,success,confirmed,False
2,2026-08-10T15:51:15+00:00,TNtTcstZdy5vppwDMQuR9gy6n5rT4o7ptq,TVqW2NN8sDPwjywWZPdSTEGV5gMwMseXrs,2305280000,2305.280000,USDT,tron:6676705b5505e1ea90c6c4162cbe2d2ea307df251a8fe0a18db3b20b6121dfc2:0,success,confirmed,False
2,2026-08-10T15:53:27+00:00,TNtTcstZdy5vppwDMQuR9gy6n5rT4o7ptq,TMy4ULMRj2TSrCDRT1mXRLM8dHo9XDbC8y,1479990000,1479.990000,USDT,tron:a712f731106b94a722ca1fa678d98d92c16307a17c6ede1424f9453c60f25dae:0,success,confirmed,False
2,2026-08-10T15:54:00+00:00,TNtTcstZdy5vppwDMQuR9gy6n5rT4o7ptq,THRqbNfHY2fA6LUrG8XBGuazJCpafJmCPb,296300000,296.300000,USDT,tron:fcfc55b5daa98cce9a15e38c97b47f1cfaa7f53cbb51f054b7244ef3203082e7:0,success,confirmed,False
2,2026-08-10T15:54:42+00:00,TNtTcstZdy5vppwDMQuR9gy6n5rT4o7ptq,TCCGAFuytzmMRQjkkXREFXAUoc6JRFEALG,75000000,75.000000,USDT,tron:a7a5305a4dad1a4b763b4374c2b9ce502d91d0ca343bf23e0852c05d184dc06a:0,success,confirmed,False
2,2026-08-10T15:54:42+00:00,TNtTcstZdy5vppwDMQuR9gy6n5rT4o7ptq,TPNiXiBoQb5D9uUTTv3hjGCDED4iq7637T,4717080000,4717.080000,USDT,tron:f762f43eb0f425c60cf5577051bb1de5bee79ad6c8dd7c599c0c01d2fe599fa0:0,success,confirmed,False
2,2026-08-10T15:55:03+00:00,TNtTcstZdy5vppwDMQuR9gy6n5rT4o7ptq,TKF24WBizcr8T5sFa2LLfbJP83QbWKukyH,296880000,296.880000,USDT,tron:e346a98935c670edd07c1f7760ef7bcab2f3d4306f795a6735ee5cab5359dd34:0,success,confirmed,False
2,2026-08-10T15:55:03+00:00,TNtTcstZdy5vppwDMQuR9gy6n5rT4o7ptq,TCwmAU6CzQt8AhdBmqo7pJ9UXMNTo9FcHR,428140000,428.140000,USDT,tron:45be63c3f9d108a059e3edc44c58e1c22cf831c1c70e1878b79bacf5c9ecc9a8:0,success,confirmed,False
2,2026-08-10T15:56:33+00:00,TNtTcstZdy5vppwDMQuR9gy6n5rT4o7ptq,TJGudzMWJuWXMTdhXmxud8HhcWeifMxGuR,673620000,673.620000,USDT,tron:264443658eb756c8be14694b910ca4c55cbaf2f580c94464b691b79043410748:0,success,confirmed,False
2,2026-08-10T15:57:06+00:00,TNtTcstZdy5vppwDMQuR9gy6n5rT4o7ptq,TCr8YpQvEQYz1T6L9P461EKywu84L7U7Z1,266560000,266.560000,USDT,tron:c8c5ece67ebc7bf5c03883dd4a6bbfcd9b2350be5feeb3501280922f7136fbe4:0,success,confirmed,False
2,2026-08-10T15:57:06+00:00,TNtTcstZdy5vppwDMQuR9gy6n5rT4o7ptq,TZEVabsF8YLUU2qwwe7n2dwHPySrf44wtW,41591640000,41591.640000,USDT,tron:3d845212f8c39c321c6b77a6fd589ba97ced1fcb26f21c020048a0280681269c:0,success,confirmed,False
2,2026-08-10T15:57:42+00:00,TNtTcstZdy5vppwDMQuR9gy6n5rT4o7ptq,TAtfYPEf23QD4KRiB3TfKxpeBvtN8aUBNB,146650000,146.650000,USDT,tron:8088fbe9670d481adb9870dec33a779a6ce15d33f27bddca3b96abff38dd511b:0,success,confirmed,False
2,2026-08-10T15:58:39+00:00,TNtTcstZdy5vppwDMQuR9gy6n5rT4o7ptq,TXxpd61FpLHZKSxWtYrKu8uQ74pXZrdGhW,146650000,146.650000,USDT,tron:9c5e529c2ff59ed1371ccb46769e998802bacc384692ddd86a4784970d1159c5:0,success,confirmed,False
2,2026-08-10T15:59:09+00:00,TNtTcstZdy5vppwDMQuR9gy6n5rT4o7ptq,TTCsowmnjdchnCfHDdDA8hY8Czmwgj7WeW,830970000,830.970000,USDT,tron:80e90ad5cf3d27f6826a3e8a5addd7255ff04f478784a527061932a89e1f8085:0,success,confirmed,False
2,2026-08-10T15:59:54+00:00,TNtTcstZdy5vppwDMQuR9gy6n5rT4o7ptq,TYfxtkCooUX7rzjRqBGLan9XkCxqkrCRir,72140000,72.140000,USDT,tron:84025aacbd098c91c8ea240481c6304d528807a84d3591246c06782071709997:0,success,confirmed,False
3,2026-08-10T15:53:45+00:00,TZEVabsF8YLUU2qwwe7n2dwHPySrf44wtW,TPjhqw7Rnk32bTynhMFnJ2Phg7tQL2cjrB,233520150000,233520.150000,USDT,tron:a4f67312435843f6e7179d8ef919eff5b54a9d3629c846af288f91ebaef43764:0,success,confirmed,False
