network,candidate_address,relationship_type,counterparty_address,asset_or_resource_type,tx_or_operation_id,amount_base_units,block_number,block_time,evidence_reference,acquisition_mode,coverage_start,coverage_end,coverage_complete,temporal_status,interpretation_limitations,operation_type
tron,TNtTcstZdy5vppwDMQuR9gy6n5rT4o7ptq,token_transfer,TYfxtkCooUX7rzjRqBGLan9XkCxqkrCRir,USDT,84025aacbd098c91c8ea240481c6304d528807a84d3591246c06782071709997,72140000,,2026-08-10T15:59:54+00:00,tron:84025aacbd098c91c8ea240481c6304d528807a84d3591246c06782071709997:0,known_prior_evidence,2026-08-10T15:59:54+00:00,2026-08-10T15:59:54+00:00,true,historical,Already established and verified by collect_candidates and the anchor's own review; not re-acquired or re-verified here.,
tron,TNtTcstZdy5vppwDMQuR9gy6n5rT4o7ptq,resource_delegation,TTz9gYGZnAuDpqaQ77VFoBYt937bReAQo4,unknown,delegation-index:TTz9gYGZnAuDpqaQ77VFoBYt937bReAQo4->TNtTcstZdy5vppwDMQuR9gy6n5rT4o7ptq,,,,wallet/getdelegatedresourceaccountindexv2,delegation_index_current_state,2026-09-20T11:07:57.009303+00:00,2026-09-20T11:07:57.009303+00:00,true,current_state_only,"Reflects a relationship observed at acquisition time only. It is not evidence that this relationship existed at any earlier moment, including the candidate's own historical token-transfer time.",current_index
tron,TNtTcstZdy5vppwDMQuR9gy6n5rT4o7ptq,resource_delegation,TTz9gYGZnAuDpqaQ77VFoBYt937bReAQo4,unknown,delegated-resource:TTz9gYGZnAuDpqaQ77VFoBYt937bReAQo4->TNtTcstZdy5vppwDMQuR9gy6n5rT4o7ptq:unknown,,,,wallet/getdelegatedresourcev2,delegated_resource_detail_current_state,2026-09-20T11:07:57.009303+00:00,2026-09-20T11:07:57.009303+00:00,true,current_state_only,"Reflects a relationship observed at acquisition time only. It is not evidence that this relationship existed at any earlier moment, including the candidate's own historical token-transfer time. A lock expiry, if present, is a delegation-cannot-be-cancelled-before date, never a delegation start date.",current_detail
tron,TNtTcstZdy5vppwDMQuR9gy6n5rT4o7ptq,resource_delegation,TLvg8p7dE6txHh3MBZW6zhfEHVeo99kor5,unknown,delegation-index:TLvg8p7dE6txHh3MBZW6zhfEHVeo99kor5->TNtTcstZdy5vppwDMQuR9gy6n5rT4o7ptq,,,,wallet/getdelegatedresourceaccountindexv2,delegation_index_current_state,2026-09-20T11:07:57.009303+00:00,2026-09-20T11:07:57.009303+00:00,true,current_state_only,"Reflects a relationship observed at acquisition time only. It is not evidence that this relationship existed at any earlier moment, including the candidate's own historical token-transfer time.",current_index
tron,TNtTcstZdy5vppwDMQuR9gy6n5rT4o7ptq,resource_delegation,TLvg8p7dE6txHh3MBZW6zhfEHVeo99kor5,unknown,delegated-resource:TLvg8p7dE6txHh3MBZW6zhfEHVeo99kor5->TNtTcstZdy5vppwDMQuR9gy6n5rT4o7ptq:unknown,,,,wallet/getdelegatedresourcev2,delegated_resource_detail_current_state,2026-09-20T11:07:57.009303+00:00,2026-09-20T11:07:57.009303+00:00,true,current_state_only,"Reflects a relationship observed at acquisition time only. It is not evidence that this relationship existed at any earlier moment, including the candidate's own historical token-transfer time. A lock expiry, if present, is a delegation-cannot-be-cancelled-before date, never a delegation start date.",current_detail
tron,TNtTcstZdy5vppwDMQuR9gy6n5rT4o7ptq,resource_delegation,TLvg8p7dE6txHh3MBZW6zhfEHVeo99kor5,ENERGY,2ec4c3194309567da75f43bda009d47127eafbad18f97c6dde103288c6c4e87e,15160000000,85234220,2026-08-10T14:54:18+00:00,v1/accounts/.../transactions:2ec4c3194309567da75f43bda009d47127eafbad18f97c6dde103288c6c4e87e,historical_operation_scan,2026-08-10T14:54:18+00:00,2026-08-10T14:54:18+00:00,true,historical,DelegateResourceContract operation with its own execution result (SUCCESS); a resource delegation is not a token payment and is not evidence of shared ownership.,delegate
tron,TNtTcstZdy5vppwDMQuR9gy6n5rT4o7ptq,resource_delegation,TLvg8p7dE6txHh3MBZW6zhfEHVeo99kor5,unknown,ab918e37ac2d8075e992052ff7ab2fc43fe85a8bb2b51f5f328f9a65840f5313,219000000,85234222,2026-08-10T14:54:24+00:00,v1/accounts/.../transactions:ab918e37ac2d8075e992052ff7ab2fc43fe85a8bb2b51f5f328f9a65840f5313,historical_operation_scan,2026-08-10T14:54:24+00:00,2026-08-10T14:54:24+00:00,true,historical,DelegateResourceContract operation with its own execution result (SUCCESS); a resource delegation is not a token payment and is not evidence of shared ownership.,delegate
tron,TNtTcstZdy5vppwDMQuR9gy6n5rT4o7ptq,resource_delegation,TLvg8p7dE6txHh3MBZW6zhfEHVeo99kor5,unknown,9ab6fe60a183eb7296824435435ce5ad7adb47fba60a3eafd43aba5b3d13b7fa,219000000,85234232,2026-08-10T14:54:54+00:00,v1/accounts/.../transactions:9ab6fe60a183eb7296824435435ce5ad7adb47fba60a3eafd43aba5b3d13b7fa,historical_operation_scan,2026-08-10T14:54:54+00:00,2026-08-10T14:54:54+00:00,true,historical,UnDelegateResourceContract operation with its own execution result (SUCCESS); a resource delegation is not a token payment and is not evidence of shared ownership.,undelegate
tron,TNtTcstZdy5vppwDMQuR9gy6n5rT4o7ptq,resource_delegation,TLvg8p7dE6txHh3MBZW6zhfEHVeo99kor5,ENERGY,0083bb71d744d882bf39b60e8960261b1e4ac5d9d213bb91e72443536e84aca2,15160000000,85234233,2026-08-10T14:54:57+00:00,v1/accounts/.../transactions:0083bb71d744d882bf39b60e8960261b1e4ac5d9d213bb91e72443536e84aca2,historical_operation_scan,2026-08-10T14:54:57+00:00,2026-08-10T14:54:57+00:00,true,historical,UnDelegateResourceContract operation with its own execution result (SUCCESS); a resource delegation is not a token payment and is not evidence of shared ownership.,undelegate
tron,TNtTcstZdy5vppwDMQuR9gy6n5rT4o7ptq,resource_delegation,TLvg8p7dE6txHh3MBZW6zhfEHVeo99kor5,ENERGY,8aecf453da3e453f6eca1941cfc69997f86d258c37ab4756d8c8bf80fcb10db3,30320000000,85234237,2026-08-10T14:55:09+00:00,v1/accounts/.../transactions:8aecf453da3e453f6eca1941cfc69997f86d258c37ab4756d8c8bf80fcb10db3,historical_operation_scan,2026-08-10T14:55:09+00:00,2026-08-10T14:55:09+00:00,true,historical,DelegateResourceContract operation with its own execution result (SUCCESS); a resource delegation is not a token payment and is not evidence of shared ownership.,delegate
tron,TNtTcstZdy5vppwDMQuR9gy6n5rT4o7ptq,resource_delegation,TLvg8p7dE6txHh3MBZW6zhfEHVeo99kor5,unknown,48d19a2018718b2e8e8f00fe5f517444bd362e52662f659fe627d78c2543bf93,438000000,85234238,2026-08-10T14:55:12+00:00,v1/accounts/.../transactions:48d19a2018718b2e8e8f00fe5f517444bd362e52662f659fe627d78c2543bf93,historical_operation_scan,2026-08-10T14:55:12+00:00,2026-08-10T14:55:12+00:00,true,historical,DelegateResourceContract operation with its own execution result (SUCCESS); a resource delegation is not a token payment and is not evidence of shared ownership.,delegate
tron,TNtTcstZdy5vppwDMQuR9gy6n5rT4o7ptq,resource_delegation,TLvg8p7dE6txHh3MBZW6zhfEHVeo99kor5,unknown,4d4dc4b7639c2b102986c34ccd1dc63e2be4a4ca819277fa8d48f31b8f6c1972,438000000,85234243,2026-08-10T14:55:27+00:00,v1/accounts/.../transactions:4d4dc4b7639c2b102986c34ccd1dc63e2be4a4ca819277fa8d48f31b8f6c1972,historical_operation_scan,2026-08-10T14:55:27+00:00,2026-08-10T14:55:27+00:00,true,historical,UnDelegateResourceContract operation with its own execution result (SUCCESS); a resource delegation is not a token payment and is not evidence of shared ownership.,undelegate
tron,TNtTcstZdy5vppwDMQuR9gy6n5rT4o7ptq,resource_delegation,TLvg8p7dE6txHh3MBZW6zhfEHVeo99kor5,ENERGY,90719f29478bc2c3ee49d1de45e03f398678b3cec4109a3dfd9576bfe1e9141c,30320000000,85234243,2026-08-10T14:55:27+00:00,v1/accounts/.../transactions:90719f29478bc2c3ee49d1de45e03f398678b3cec4109a3dfd9576bfe1e9141c,historical_operation_scan,2026-08-10T14:55:27+00:00,2026-08-10T14:55:27+00:00,true,historical,UnDelegateResourceContract operation with its own execution result (SUCCESS); a resource delegation is not a token payment and is not evidence of shared ownership.,undelegate
tron,TNtTcstZdy5vppwDMQuR9gy6n5rT4o7ptq,resource_delegation,TLvg8p7dE6txHh3MBZW6zhfEHVeo99kor5,ENERGY,1d791cc6372a5675bf4f5e0cf1431b455935b22ce27df6e7712ecb56e177ba7b,15160000000,85234245,2026-08-10T14:55:33+00:00,v1/accounts/.../transactions:1d791cc6372a5675bf4f5e0cf1431b455935b22ce27df6e7712ecb56e177ba7b,historical_operation_scan,2026-08-10T14:55:33+00:00,2026-08-10T14:55:33+00:00,true,historical,DelegateResourceContract operation with its own execution result (SUCCESS); a resource delegation is not a token payment and is not evidence of shared ownership.,delegate
tron,TNtTcstZdy5vppwDMQuR9gy6n5rT4o7ptq,resource_delegation,TLvg8p7dE6txHh3MBZW6zhfEHVeo99kor5,unknown,24dfa6a868ce59658775c04dd71f60480d7393fd57ffdcc0ea39e54117e99373,219000000,85234247,2026-08-10T14:55:39+00:00,v1/accounts/.../transactions:24dfa6a868ce59658775c04dd71f60480d7393fd57ffdcc0ea39e54117e99373,historical_operation_scan,2026-08-10T14:55:39+00:00,2026-08-10T14:55:39+00:00,true,historical,DelegateResourceContract operation with its own execution result (SUCCESS); a resource delegation is not a token payment and is not evidence of shared ownership.,delegate
